{
  "EF": {
    "type": "minmax",
    "min": 0.0,
    "max": 350.3422546386719,
    "scale": 0.002854351671143287,
    "offset": -0.0
  },
  "VHM0": {
    "type": "minmax",
    "min": 0.01100000087171793,
    "max": 12.839000701904297,
    "scale": 0.07795447032673657,
    "offset": -0.0008574992415484117
  },
  "VTPK": {
    "type": "minmax",
    "min": 1.0,
    "max": 21.762001037597656,
    "scale": 0.04816491426761381,
    "offset": -0.04816491426761381
  },
  "VTM10": {
    "type": "minmax",
    "min": 1.0770000219345093,
    "max": 17.487001419067383,
    "scale": 0.06093844697506962,
    "offset": -0.06563070872880492
  },
  "VTM02": {
    "type": "minmax",
    "min": 0.940000057220459,
    "max": 15.456000328063965,
    "scale": 0.06888949995465185,
    "offset": -0.06475613389926155
  },
  "VMDR": {
    "type": "minmax",
    "min": 0.0,
    "max": 359.989990234375,
    "scale": 0.0027778550157712446,
    "offset": -0.0
  },
  "VHM0_WW": {
    "type": "minmax",
    "min": 0.0,
    "max": 12.296000480651855,
    "scale": 0.08132725771876241,
    "offset": -0.0
  },
  "VHM0_SW1": {
    "type": "minmax",
    "min": 0.0,
    "max": 12.296000480651855,
    "scale": 0.08132725771876241,
    "offset": -0.0,
  "VHM0_SW2": {
    "type": "minmax",
    "min": 0.0,
    "max": 12.296000480651855,
    "scale": 0.08132725771876241,
    "offset": -0.0,
  "VTM01_WW": {
    "type": "minmax",
    "min": 0.9720000624656677,
    "max": 23.939001083374023,
    "scale": 0.04354073041968496,
    "offset": -0.04232159268773458
  },
  "VTM01_SW1": {
    "type": "minmax",
    "min": 0.9720000624656677,
    "max": 23.939001083374023,
    "scale": 0.04354073041968496,
    "offset": -0.04232159268773458
  },
  "VTM01_SW2": {
    "type": "minmax",
    "min": 0.9720000624656677,
    "max": 23.939001083374023,
    "scale": 0.04354073041968496,
    "offset": -0.04232159268773458
  },
  "VMDR_WW": {
    "type": "minmax",
    "min": 0.0,
    "max": 359.989990234375,
    "scale": 0.0027778550157712446,
    "offset": -0.0
  },
  "VPED": {
    "type": "minmax",
    "min": 0.010009765625,
    "max": 359.989990234375,
    "scale": 0.0027779322580601404,
    "offset": -2.7806450825309024e-05
  },

  "VMDR_SW1": {
    "type": "minmax",
    "min": 0.0,
    "max": 359.989990234375,
    "scale": 0.0027778550157712446,
    "offset": -0.0
  },
  "VMDR_SW2": {
    "type": "minmax",
    "min": 0.0,
    "max": 359.989990234375,
    "scale": 0.0027778550157712446,
    "offset": -0.0
  },
  "DPT": {
    "type": "minmax",
    "min": 1.9780000448226929,
    "max": 5770.451171875,
    "scale": 0.00017335609873611724,
    "offset": -0.0003428983618505299
  }
}